103rd Street,0
1st Street,1
21st Street,2
22nd Street,3
23rd Street,4
2nd Street,5
3rd Street,6
41st Street,7
42nd Street,8
43rd Street,9
51st Street,10
52nd Street,11
53rd Street,12
62nd Street,13
73rd Street,14
81st Street,15
82nd Street,16
83rd Street,17
92nd Street,18
Avenue,19
Boulevard,20
Drive,21
Drive Lane,22
Lane brea Avenue,23
Lane cienega Boulevard,24
Lane soto Avenue,25
Place,26
Road,27
Street,28
Street andrews Place,29
Unknown,30
Way,31
adams Boulevard,32
anaheim Street,33
ardmore Avenue,34
avalon Boulevard,35
barrington Avenue,36
bonnie brae Street,37
broadway,38
bronson Avenue,39
burlington Avenue,40
canyon Avenue,41
canyon Boulevard,42
centinela Avenue,43
central Avenue,44
century Boulevard,45
cesar e chavez Avenue,46
cienega Boulevard,47
cochran Avenue,48
coronado Street,49
ct,50
detroit Street,51
fairfax Avenue,52
feliz Boulevard,53
figueroa Street,54
florence Avenue,55
flower Street,56
front wk,57
fuller Avenue,58
gaffey Street,59
gage Avenue,60
harvard Boulevard,61
imperial Highway,62
jefferson Boulevard,63
kenmore Avenue,64
kingsley Drive,65
lake Street,66
las palmas Avenue,67
los angeles Street,68
new hampshire Avenue,69
nuys Boulevard,70
oak Avenue,71
olive Street,72
olympic Boulevard,73
orange Drive,74
oxford Avenue,75
park Avenue,76
pico Boulevard,77
rampart Boulevard,78
robertson Boulevard,79
sepulveda Boulevard,80
serrano Avenue,81
slauson Avenue,82
spring Street,83
sunset Boulevard,84
sycamore Avenue,85
temple Street,86
tijera Boulevard,87
tr,88
union Avenue,89
van ness Avenue,90
ventura Boulevard,91
vermont Avenue,92
vernon Avenue,93
way,94
western Avenue,95
westlake Avenue,96
westmoreland Avenue,97
wilton Place,98
